Sun Aug  3 14:08:26 UTC 2025 trigger
Sun Aug  3 14:33:36 UTC 2025 trigger
Sun Aug  3 14:36:54 UTC 2025 trigger
Wed Aug 20 18:26:21 UTC 2025 trigger
Thu Aug 21 04:11:47 UTC 2025 triggerThu Aug 21 04:24:56 UTC 2025 trigger
Thu Aug 28 18:01:44 UTC 2025 trigger
Wed Sep  3 03:53:26 UTC 2025 trigger
Wed Sep  3 11:27:03 UTC 2025 trigger
Fri Sep  5 06:41:01 UTC 2025 triggerFri Sep  5 06:45:39 UTC 2025 trigger
Wed Sep 17 17:07:34 UTC 2025 trigger
Sun Sep 21 08:28:23 UTC 2025 trigger
Tue Sep 23 07:52:16 UTC 2025 trigger
Fri Sep 26 17:17:58 UTC 2025 trigger
Wed Sep 24 12:44:26 UTC 2025 trigger
Fri Sep 26 17:24:23 UTC 2025 trigger
Sun Sep 28 16:05:28 UTC 2025 trigger
Fri Oct  3 16:46:23 UTC 2025 trigger
Fri Oct  3 18:09:23 UTC 2025 trigger
Sat Oct  4 08:24:05 UTC 2025 trigger
Wed Oct  8 18:00:55 UTC 2025 trigger
Wed Oct  8 19:51:07 UTC 2025 trigger
Fri Oct 10 05:47:07 UTC 2025 trigger
Fri Oct 10 05:55:22 UTC 2025 trigger
Mon Oct 13 12:52:09 UTC 2025 trigger
Mon Oct 13 16:02:34 UTC 2025 trigger
Mon Oct 13 17:27:52 UTC 2025 trigger
Tue Oct 14 02:52:58 UTC 2025 trigger
Tue Oct 14 05:15:34 UTC 2025 trigger
Wed Oct 15 11:02:27 UTC 2025 trigger
Wed Oct 15 13:12:49 UTC 2025 trigger
Wed Oct 15 13:33:10 UTC 2025 trigger
Wed Oct 15 13:56:58 UTC 2025 trigger
Wed Oct 15 14:08:16 UTC 2025 trigger
Wed Oct 15 14:53:46 UTC 2025 trigger
Wed Oct 15 16:21:03 UTC 2025 trigger
Thu Oct 16 04:33:02 UTC 2025 trigger
Thu Oct 16 06:09:23 UTC 2025 trigger
Thu Oct 16 10:38:53 UTC 2025 trigger
Thu Oct 16 11:13:47 UTC 2025 trigger
Fri Oct 17 00:40:13 HKT 2025
Sat Oct 18 07:09:04 UTC 2025 trigger
Sat Oct 18 13:38:39 UTC 2025 trigger
Sun Oct 19 10:32:26 UTC 2025 trigger
Sun Oct 19 15:09:59 UTC 2025 trigger
Sun Oct 19 16:28:30 UTC 2025 trigger
Sun Oct 19 16:50:17 UTC 2025 trigger
Sun Oct 19 17:33:35 UTC 2025 trigger
Sun Oct 19 17:47:58 UTC 2025 trigger
Sun Oct 19 18:19:04 UTC 2025 trigger
Sun Oct 19 19:00:12 UTC 2025 trigger
Sun Oct 19 19:09:11 UTC 2025 trigger
Sun Oct 19 19:20:13 UTC 2025 trigger
Mon Oct 20 05:40:04 UTC 2025 trigger
Mon Oct 20 05:55:57 UTC 2025 trigger
Mon Oct 20 06:27:53 UTC 2025 trigger
Mon Oct 20 06:36:01 UTC 2025 trigger
Mon Oct 20 14:41:41 UTC 2025 trigger
Mon Oct 20 15:34:59 UTC 2025 trigger
Mon Oct 20 14:51:49 UTC 2025 trigger
Tue Oct 21 02:22:34 UTC 2025 trigger
Tue Oct 21 03:19:26 UTC 2025 trigger
Sun Nov  2 12:12:02 UTC 2025 trigger
Sun Nov  2 16:49:19 UTC 2025 trigger
Wed Nov  5 00:39:10 UTC 2025 trigger
Sun Nov 23 08:44:36 UTC 2025 trigger
